"ID","Description","GeneRatio","BgRatio","RichFactor","FoldEnrichment","zScore","pvalue","p.adjust","qvalue","geneID","Count"
"HALLMARK_CHOLESTEROL_HOMEOSTASIS","HALLMARK_CHOLESTEROL_HOMEOSTASIS","2/10","75/4393",0.0266666666666667,11.7146666666667,4.47006056842791,0.0118448247617913,0.118448247617913,0.112214129322233,"Gldc/Sqle",2
"HALLMARK_APICAL_JUNCTION","HALLMARK_APICAL_JUNCTION","2/10","199/4393",0.0100502512562814,4.41507537688442,2.35482180888087,0.0723111649889824,0.243175726567993,0.230377004117046,"Wnk4/Nectin4",2
"HALLMARK_ESTROGEN_RESPONSE_EARLY","HALLMARK_ESTROGEN_RESPONSE_EARLY","2/10","200/4393",0.01,4.393,2.34575071119634,0.0729527179703978,0.243175726567993,0.230377004117046,"Fam102a/Ttc39a",2
